Team,Payroll,Payroll_Adj,Year
Cleveland,"$14,403,000","$32,854,246",1990
New York,"$13,290,000","$30,315,416",1990
Detroit,"$12,910,000","$29,448,608",1990
LA Lakers,"$12,120,000","$27,646,565",1990
Atlanta,"$11,761,000","$26,827,658",1990
Dallas,"$11,693,000","$26,672,548",1990
Philadelphia,"$11,640,000","$26,551,652",1990
Milwaukee,"$11,595,000","$26,449,002",1990
Phoenix,"$11,463,000","$26,147,902",1990
Brooklyn,"$11,410,000","$26,027,003",1990
Boston,"$11,256,000","$25,675,719",1990
Portland,"$11,215,000","$25,582,195",1990
Golden State,"$11,150,000","$25,433,926",1990
San Antonio,"$11,057,000","$25,221,786",1990
Indiana,"$10,981,000","$25,048,425",1990
Utah,"$10,695,000","$24,396,040",1990
Oklahoma City,"$10,590,000","$24,156,528",1990
Houston,"$10,500,000","$23,951,232",1990
Charlotte,"$10,417,000","$23,761,902",1990
Denver,"$10,335,000","$23,574,853",1990
LA Clippers,"$10,245,000","$23,369,557",1990
Chicago,"$10,040,000","$22,901,939",1990
Washington,"$9,610,000","$21,921,080",1990
Sacramento,"$9,605,000","$21,909,674",1990
Miami,"$8,510,000","$19,411,901",1990
Minnesota,"$7,540,000","$17,199,264",1990
Orlando,"$7,532,000","$17,181,014",1990
Boston,"$25,343,000","$55,216,239",1991
Cleveland,"$16,882,000","$36,781,775",1991
Chicago,"$16,829,000","$36,666,301",1991
LA Lakers,"$15,673,000","$34,147,658",1991
Detroit,"$15,428,000","$33,613,861",1991
Indiana,"$15,090,000","$32,877,440",1991
Philadelphia,"$14,058,000","$30,628,962",1991
Phoenix,"$13,593,000","$29,615,842",1991
Oklahoma City,"$13,308,000","$28,994,897",1991
Houston,"$13,274,000","$28,920,820",1991
Dallas,"$13,004,000","$28,332,555",1991
LA Clippers,"$12,976,000","$28,271,548",1991
Atlanta,"$12,930,000","$28,171,326",1991
Utah,"$12,761,000","$27,803,115",1991
Portland,"$12,742,000","$27,761,718",1991
Washington,"$12,633,000","$27,524,234",1991
Charlotte,"$12,625,000","$27,506,806",1991
Brooklyn,"$12,598,000","$27,447,979",1991
Golden State,"$12,500,000","$27,234,460",1991
Sacramento,"$12,492,000","$27,217,031",1991
Milwaukee,"$12,451,000","$27,127,702",1991
New York,"$12,399,000","$27,014,405",1991
Orlando,"$12,250,000","$26,689,772",1991
Denver,"$11,879,000","$25,881,448",1991
San Antonio,"$11,587,000","$25,245,253",1991
Miami,"$11,514,000","$25,086,205",1991
Minnesota,"$10,763,000","$23,449,956",1991
Boston,"$25,217,000","$53,295,815",1992
Cleveland,"$19,676,000","$41,584,979",1992
LA Lakers,"$18,851,000","$39,841,350",1992
Chicago,"$18,536,000","$39,175,603",1992
San Antonio,"$18,083,000","$38,218,193",1992
Atlanta,"$18,036,000","$38,118,858",1992
Philadelphia,"$17,367,000","$36,704,936",1992
Washington,"$17,249,000","$36,455,543",1992
Portland,"$16,369,000","$34,595,677",1992
Brooklyn,"$16,314,000","$34,479,433",1992
Indiana,"$16,268,000","$34,382,213",1992
Houston,"$15,877,000","$33,555,838",1992
Golden State,"$15,473,000","$32,701,989",1992
Miami,"$15,125,000","$31,966,497",1992
Orlando,"$14,970,000","$31,638,906",1992
Utah,"$14,517,000","$30,681,498",1992
LA Clippers,"$14,288,000","$30,197,508",1992
Phoenix,"$14,280,000","$30,180,598",1992
Charlotte,"$14,150,000","$29,905,845",1992
Oklahoma City,"$14,033,000","$29,658,568",1992
Milwaukee,"$14,032,000","$29,656,453",1992
New York,"$14,001,000","$29,590,935",1992
Detroit,"$13,954,000","$29,491,604",1992
Sacramento,"$13,953,000","$29,489,489",1992
Denver,"$13,776,180","$29,115,781",1992
Minnesota,"$13,732,000","$29,022,408",1992
Dallas,"$10,859,000","$22,950,358",1992
Cleveland,"$23,711,000","$48,655,325",1993
Portland,"$23,534,000","$48,292,119",1993
LA Lakers,"$23,478,000","$48,177,205",1993
Atlanta,"$22,510,000","$46,190,855",1993
New York,"$22,109,000","$45,367,995",1993
Phoenix,"$21,485,000","$44,087,539",1993
LA Clippers,"$20,188,000","$41,426,075",1993
Brooklyn,"$20,107,000","$41,259,864",1993
Orlando,"$19,939,000","$40,915,123",1993
San Antonio,"$19,316,365","$39,637,469",1993
Golden State,"$19,239,000","$39,478,712",1993
Chicago,"$18,531,000","$38,025,887",1993
Charlotte,"$17,952,000","$36,837,769",1993
Boston,"$17,881,000","$36,692,077",1993
Miami,"$17,811,000","$36,548,438",1993
Sacramento,"$17,397,000","$35,698,901",1993
Indiana,"$17,196,000","$35,286,445",1993
Utah,"$16,990,000","$34,863,733",1993
Houston,"$16,757,000","$34,385,611",1993
Washington,"$16,240,000","$33,324,721",1993
Denver,"$16,110,000","$33,057,958",1993
Oklahoma City,"$15,967,000","$32,764,520",1993
Detroit,"$15,826,000","$32,475,184",1993
Minnesota,"$15,496,000","$31,798,022",1993
Philadelphia,"$15,354,000","$31,506,634",1993
Milwaukee,"$14,889,000","$30,552,449",1993
Dallas,"$14,321,000","$29,386,903",1993
LA Lakers,"$42,068,300","$84,224,992",1994
Orlando,"$29,069,916","$58,200,911",1994
Cleveland,"$28,106,000","$56,271,053",1994
Portland,"$26,658,000","$53,372,009",1994
New York,"$25,748,900","$51,551,899",1994
Indiana,"$24,918,500","$49,889,356",1994
Boston,"$24,462,000","$48,975,396",1994
Oklahoma City,"$24,073,500","$48,197,579",1994
Phoenix,"$23,170,884","$46,390,452",1994
Brooklyn,"$23,121,800","$46,292,181",1994
San Antonio,"$22,721,982","$45,491,704",1994
Chicago,"$22,053,129","$44,152,591",1994
Denver,"$21,940,500","$43,927,096",1994
Atlanta,"$21,869,340","$43,784,628",1994
Sacramento,"$20,209,000","$40,460,458",1994
Miami,"$20,142,000","$40,326,318",1994
Golden State,"$19,797,300","$39,636,195",1994
Philadelphia,"$19,709,510","$39,460,430",1994
Charlotte,"$19,346,658","$38,733,963",1994
Utah,"$18,708,950","$37,457,207",1994
Dallas,"$18,053,100","$36,144,130",1994
LA Clippers,"$17,876,700","$35,790,958",1994
Minnesota,"$17,673,260","$35,383,648",1994
Houston,"$17,578,600","$35,194,129",1994
Washington,"$17,049,750","$34,135,320",1994
Detroit,"$16,339,300","$32,712,928",1994
Milwaukee,"$16,256,960","$32,548,074",1994
New York,"$43,329,000","$84,189,235",1995
Orlando,"$36,526,560","$70,971,935",1995
Phoenix,"$36,525,000","$70,968,905",1995
LA Lakers,"$30,073,000","$58,432,519",1995
Cleveland,"$27,695,000","$53,812,012",1995
San Antonio,"$26,553,000","$51,593,082",1995
Oklahoma City,"$25,852,000","$50,231,022",1995
Houston,"$25,632,000","$49,803,557",1995
Philadelphia,"$25,133,000","$48,833,989",1995
Denver,"$24,553,000","$47,707,034",1995
Sacramento,"$24,391,000","$47,392,266",1995
Detroit,"$23,970,000","$46,574,251",1995
Portland,"$23,926,000","$46,488,760",1995
Indiana,"$23,909,000","$46,455,727",1995
Chicago,"$23,512,000","$45,684,348",1995
Charlotte,"$23,084,000","$44,852,734",1995
Milwaukee,"$23,011,000","$44,710,896",1995
Golden State,"$22,877,000","$44,450,531",1995
Minnesota,"$22,642,000","$43,993,918",1995
Brooklyn,"$22,580,000","$43,873,453",1995
Utah,"$22,451,000","$43,622,800",1995
Atlanta,"$22,227,000","$43,187,564",1995
Washington,"$22,224,000","$43,181,736",1995
Miami,"$22,087,000","$42,915,539",1995
Dallas,"$21,753,000","$42,266,571",1995
LA Clippers,"$21,165,000","$41,124,075",1995
Boston,"$20,219,000","$39,285,971",1995
Memphis,"$18,413,000","$35,776,872",1995
Toronto,"$17,955,000","$34,886,968",1995
Chicago,"$58,270,000","$110,185,330",1996
Orlando,"$40,149,100","$75,919,711",1996
Indiana,"$39,480,000","$74,654,481",1996
Phoenix,"$36,140,000","$68,338,726",1996
Washington,"$34,940,000","$66,069,591",1996
Golden State,"$31,087,000","$58,783,782",1996
San Antonio,"$30,785,500","$58,213,664",1996
Oklahoma City,"$30,301,500","$57,298,446",1996
LA Lakers,"$28,838,500","$54,531,996",1996
Sacramento,"$27,820,200","$52,606,445",1996
Detroit,"$26,848,500","$50,769,016",1996
Houston,"$26,275,000","$49,684,557",1996
Dallas,"$26,107,500","$49,367,822",1996
New York,"$25,923,500","$49,019,890",1996
Boston,"$25,853,500","$48,887,527",1996
Atlanta,"$25,806,100","$48,797,895",1996
Brooklyn,"$25,426,600","$48,080,281",1996
Utah,"$25,267,000","$47,778,486",1996
Portland,"$24,903,500","$47,091,129",1996
Milwaukee,"$24,222,500","$45,803,395",1996
Minnesota,"$24,100,500","$45,572,699",1996
Philadelphia,"$23,669,500","$44,757,704",1996
LA Clippers,"$23,336,500","$44,128,018",1996
Miami,"$22,421,000","$42,396,857",1996
Denver,"$21,243,300","$40,169,894",1996
Charlotte,"$20,975,500","$39,663,498",1996
Cleveland,"$18,867,500","$35,677,389",1996
Toronto,"$18,633,900","$35,235,662",1996
Memphis,"$15,978,000","$30,213,502",1996
Chicago,"$61,330,670","$113,368,381",1997
New York,"$53,974,881","$99,771,366",1997
Orlando,"$43,954,299","$81,248,539",1997
Washington,"$40,718,075","$75,266,453",1997
Indiana,"$39,162,273","$72,390,588",1997
San Antonio,"$38,846,163","$71,806,266",1997
Oklahoma City,"$37,592,175","$69,488,294",1997
Phoenix,"$36,937,876","$68,278,838",1997
LA Lakers,"$36,304,583","$67,108,211",1997
Miami,"$34,641,186","$64,033,455",1997
Golden State,"$32,856,469","$60,734,448",1997
Philadelphia,"$31,420,520","$58,080,126",1997
Atlanta,"$30,133,827","$55,701,707",1997
Sacramento,"$30,046,350","$55,540,001",1997
Utah,"$28,505,442","$52,691,672",1997
Brooklyn,"$28,504,567","$52,690,055",1997
Houston,"$28,086,350","$51,916,988",1997
Minnesota,"$27,787,780","$51,365,089",1997
Portland,"$27,786,719","$51,363,127",1997
Dallas,"$27,268,948","$50,406,039",1997
Charlotte,"$27,006,013","$49,920,010",1997
Boston,"$26,800,500","$49,540,123",1997
Cleveland,"$26,677,290","$49,312,369",1997
Denver,"$26,518,960","$49,019,702",1997
Milwaukee,"$25,919,828","$47,912,221",1997
Memphis,"$25,637,110","$47,389,622",1997
Detroit,"$24,876,625","$45,983,884",1997
Toronto,"$24,748,905","$45,747,795",1997
LA Clippers,"$24,493,625","$45,275,915",1997
New York,"$59,945,400","$108,972,270",1998
Portland,"$54,725,500","$99,483,229",1998
Orlando,"$46,118,000","$83,836,007",1998
Indiana,"$45,401,500","$82,533,514",1998
Miami,"$44,594,000","$81,065,591",1998
Brooklyn,"$43,735,000","$79,504,050",1998
San Antonio,"$43,681,143","$79,406,147",1998
LA Lakers,"$41,872,000","$76,117,378",1998
Philadelphia,"$41,509,920","$75,459,166",1998
Atlanta,"$40,954,940","$74,450,296",1998
Phoenix,"$36,101,500","$65,627,425",1998
Dallas,"$35,565,568","$64,653,176",1998
Detroit,"$34,699,620","$63,079,004",1998
Toronto,"$34,368,500","$62,477,074",1998
Washington,"$34,018,500","$61,840,828",1998
Milwaukee,"$33,703,240","$61,267,727",1998
Memphis,"$33,635,800","$61,145,129",1998
Minnesota,"$33,107,230","$60,184,267",1998
Sacramento,"$32,267,000","$58,656,842",1998
Boston,"$32,258,856","$58,642,042",1998
Golden State,"$30,985,000","$56,326,351",1998
Charlotte,"$30,452,000","$55,357,434",1998
Oklahoma City,"$30,413,082","$55,286,683",1998
Utah,"$30,298,560","$55,078,502",1998
Houston,"$30,297,100","$55,075,847",1998
Denver,"$29,392,200","$53,430,865",1998
Cleveland,"$28,714,000","$52,197,992",1998
Chicago,"$28,640,500","$52,064,377",1998
LA Clippers,"$28,417,580","$51,659,144",1998
Portland,"$73,898,705","$131,750,890",1999
New York,"$72,288,001","$128,879,235",1999
LA Lakers,"$55,018,533","$98,090,226",1999
Indiana,"$54,988,605","$98,036,864",1999
Brooklyn,"$53,245,461","$94,929,090",1999
Washington,"$53,194,441","$94,838,128",1999
Miami,"$52,496,573","$93,593,923",1999
Houston,"$52,269,367","$93,188,850",1999
Utah,"$50,348,426","$89,764,088",1999
Cleveland,"$46,547,966","$82,988,409",1999
Phoenix,"$46,544,037","$82,981,401",1999
Boston,"$46,152,875","$82,284,016",1999
Milwaukee,"$44,680,197","$79,658,440",1999
Atlanta,"$44,169,202","$78,747,407",1999
Philadelphia,"$43,890,593","$78,250,687",1999
Minnesota,"$42,642,272","$76,025,107",1999
San Antonio,"$42,529,801","$75,824,590",1999
Detroit,"$42,141,801","$75,132,838",1999
Orlando,"$41,586,801","$74,143,348",1999
Denver,"$40,677,095","$72,521,477",1999
Sacramento,"$40,113,125","$71,516,001",1999
Dallas,"$40,014,500","$71,340,162",1999
Charlotte,"$38,619,012","$68,852,206",1999
Oklahoma City,"$38,258,910","$68,210,199",1999
Memphis,"$37,432,688","$66,737,160",1999
Golden State,"$36,133,518","$64,420,922",1999
Toronto,"$34,730,320","$61,919,222",1999
Chicago,"$27,032,368","$48,194,863",1999
LA Clippers,"$22,489,343","$40,095,298",1999
Portland,"$87,395,140","$150,209,627",2000
New York,"$74,007,738","$127,200,145",2000
Miami,"$73,472,329","$126,279,916",2000
Brooklyn,"$68,977,578","$118,554,603",2000
Washington,"$59,085,969","$101,553,484",2000
LA Lakers,"$58,968,213","$101,351,093",2000
Milwaukee,"$57,819,318","$99,376,441",2000
San Antonio,"$57,215,938","$98,339,386",2000
Indiana,"$55,086,140","$94,678,814",2000
Phoenix,"$53,906,347","$92,651,057",2000
Utah,"$53,893,860","$92,629,595",2000
Dallas,"$52,274,842","$89,846,921",2000
Denver,"$52,189,220","$89,699,760",2000
Oklahoma City,"$51,538,658","$88,581,612",2000
Boston,"$51,478,707","$88,478,570",2000
Philadelphia,"$51,085,458","$87,802,677",2000
Cleveland,"$49,780,549","$85,559,875",2000
Houston,"$49,283,309","$84,705,250",2000
Memphis,"$48,899,840","$84,046,166",2000
Minnesota,"$47,488,500","$81,620,437",2000
Charlotte,"$46,441,558","$79,821,014",2000
Sacramento,"$46,266,289","$79,519,774",2000
Golden State,"$42,363,018","$72,811,059",2000
Detroit,"$40,475,338","$69,566,624",2000
Atlanta,"$39,297,129","$67,541,590",2000
Toronto,"$38,313,749","$65,851,414",2000
Orlando,"$37,459,860","$64,383,801",2000
Chicago,"$29,691,907","$51,032,701",2000
LA Clippers,"$29,606,189","$50,885,371",2000
New York,"$85,993,039","$143,149,897",2001
Portland,"$84,292,850","$140,319,647",2001
Brooklyn,"$75,193,712","$125,172,596",2001
Philadelphia,"$58,073,366","$96,672,896",2001
Dallas,"$57,960,080","$96,484,312",2001
Phoenix,"$56,596,369","$94,214,187",2001
Milwaukee,"$56,224,266","$93,594,760",2001
Minnesota,"$55,093,782","$91,712,876",2001
Sacramento,"$54,921,012","$91,425,274",2001
Washington,"$54,776,087","$91,184,019",2001
Denver,"$54,460,475","$90,658,629",2001
LA Lakers,"$54,262,017","$90,328,263",2001
Indiana,"$53,398,621","$88,890,997",2001
Miami,"$53,351,186","$88,812,030",2001
Toronto,"$52,657,161","$87,656,710",2001
Utah,"$52,642,362","$87,632,078",2001
Atlanta,"$51,525,207","$85,772,381",2001
Memphis,"$50,920,631","$84,765,963",2001
Charlotte,"$49,999,445","$83,232,496",2001
Houston,"$49,168,169","$81,848,694",2001
Golden State,"$47,681,152","$79,373,305",2001
Boston,"$47,515,677","$79,097,845",2001
Orlando,"$45,984,001","$76,548,112",2001
San Antonio,"$45,844,814","$76,316,410",2001
Cleveland,"$45,649,974","$75,992,069",2001
Oklahoma City,"$45,556,733","$75,836,850",2001
Chicago,"$42,592,857","$70,902,978",2001
Detroit,"$42,417,677","$70,611,365",2001
LA Clippers,"$33,849,932","$56,348,909",2001
Portland,"$105,595,657","$173,925,253",2002
New York,"$93,452,379","$153,924,217",2002
Dallas,"$72,940,316","$120,139,056",2002
Sacramento,"$70,416,596","$115,982,270",2002
Philadelphia,"$64,822,487","$106,768,285",2002
LA Lakers,"$63,151,182","$104,015,499",2002
Memphis,"$61,009,172","$100,487,421",2002
Brooklyn,"$60,412,919","$99,505,342",2002
Minnesota,"$59,518,801","$98,032,650",2002
Milwaukee,"$57,995,152","$95,523,069",2002
Miami,"$57,378,326","$94,507,103",2002
Atlanta,"$55,711,549","$91,761,773",2002
Toronto,"$55,408,207","$91,262,143",2002
Phoenix,"$55,225,080","$90,960,518",2002
Indiana,"$53,472,323","$88,073,576",2002
San Antonio,"$53,182,559","$87,596,308",2002
Oklahoma City,"$53,167,479","$87,571,471",2002
Boston,"$52,548,195","$86,551,455",2002
Utah,"$50,934,629","$83,893,772",2002
Orlando,"$50,435,346","$83,071,410",2002
Houston,"$50,181,239","$82,652,870",2002
Cleveland,"$49,610,448","$81,712,729",2002
Denver,"$49,109,209","$80,887,143",2002
Detroit,"$47,777,888","$78,694,343",2002
Golden State,"$47,737,715","$78,628,174",2002
Washington,"$46,691,190","$76,904,456",2002
Chicago,"$44,531,095","$73,346,593",2002
New Orleans,"$44,458,882","$73,227,652",2002
LA Clippers,"$42,955,777","$70,751,903",2002
New York,"$89,444,820","$144,275,901",2003
Portland,"$82,956,768","$133,810,569",2003
Dallas,"$79,536,723","$128,293,984",2003
Minnesota,"$71,272,042","$114,962,924",2003
Sacramento,"$68,372,826","$110,286,439",2003
Phoenix,"$66,931,770","$107,961,996",2003
Atlanta,"$64,497,340","$104,035,221",2003
LA Lakers,"$64,123,085","$103,431,541",2003
Brooklyn,"$63,697,123","$102,744,457",2003
Toronto,"$63,033,243","$101,673,609",2003
Philadelphia,"$60,411,079","$97,444,017",2003
Boston,"$60,185,915","$97,080,824",2003
Indiana,"$58,156,236","$93,806,919",2003
Memphis,"$57,378,323","$92,552,133",2003
Chicago,"$55,489,797","$89,505,911",2003
Houston,"$55,401,430","$89,363,372",2003
Detroit,"$53,442,834","$86,204,128",2003
Golden State,"$53,376,708","$86,097,462",2003
Milwaukee,"$53,229,826","$85,860,542",2003
Oklahoma City,"$52,347,476","$84,437,299",2003
Orlando,"$50,588,419","$81,599,909",2003
New Orleans,"$49,800,204","$80,328,508",2003
Miami,"$47,349,374","$76,375,279",2003
San Antonio,"$46,464,064","$74,947,262",2003
Cleveland,"$46,186,472","$74,499,502",2003
Washington,"$45,682,902","$73,687,234",2003
Denver,"$39,398,646","$63,550,630",2003
LA Clippers,"$39,114,363","$63,092,076",2003
Utah,"$34,747,674","$56,048,537",2003
New York,"$102,567,539","$160,210,270",2004
Dallas,"$91,908,443","$143,560,784",2004
Portland,"$83,671,309","$130,694,399",2004
Philadelphia,"$71,951,878","$112,388,675",2004
Minnesota,"$70,123,411","$109,532,614",2004
Memphis,"$67,010,830","$104,670,765",2004
Orlando,"$66,445,249","$103,787,330",2004
Indiana,"$66,064,780","$103,193,038",2004
LA Lakers,"$65,059,098","$101,622,167",2004
Boston,"$64,577,356","$100,869,682",2004
Sacramento,"$61,807,688","$96,543,472",2004
Toronto,"$61,703,775","$96,381,158",2004
Houston,"$60,284,303","$94,163,947",2004
Miami,"$59,523,529","$92,975,618",2004
Milwaukee,"$57,448,246","$89,734,030",2004
Chicago,"$57,276,129","$89,465,182",2004
New Orleans,"$56,572,882","$88,366,715",2004
Brooklyn,"$54,983,980","$85,884,853",2004
Golden State,"$54,943,723","$85,821,972",2004
Detroit,"$54,762,481","$85,538,871",2004
Oklahoma City,"$53,821,301","$84,068,752",2004
Washington,"$49,797,050","$77,782,880",2004
Cleveland,"$49,175,274","$76,811,666",2004
San Antonio,"$47,504,123","$74,201,333",2004
Denver,"$46,101,759","$72,010,845",2004
LA Clippers,"$45,483,265","$71,044,757",2004
Phoenix,"$44,598,682","$69,663,040",2004
Utah,"$43,515,760","$67,971,518",2004
Atlanta,"$41,059,616","$64,135,028",2004
Charlotte,"$23,922,578","$37,367,008",2004
New York,"$126,631,098","$192,916,121",2005
Dallas,"$98,454,832","$149,990,990",2005
Philadelphia,"$84,807,300","$129,199,660",2005
Indiana,"$78,791,779","$120,035,315",2005
Orlando,"$75,784,782","$115,454,308",2005
LA Lakers,"$72,917,945","$111,086,824",2005
Houston,"$69,257,404","$105,510,172",2005
Memphis,"$67,525,538","$102,871,764",2005
Brooklyn,"$66,449,350","$101,232,245",2005
San Antonio,"$63,570,274","$96,846,117",2005
Milwaukee,"$63,022,514","$96,011,630",2005
Sacramento,"$62,811,975","$95,690,888",2005
Toronto,"$62,411,884","$95,081,368",2005
Minnesota,"$61,830,186","$94,195,177",2005
Miami,"$60,732,452","$92,522,835",2005
Portland,"$60,017,964","$91,434,350",2005
Detroit,"$59,619,275","$90,826,969",2005
Utah,"$57,372,902","$87,404,731",2005
Chicago,"$57,166,530","$87,090,333",2005
Golden State,"$57,114,566","$87,011,173",2005
Boston,"$56,907,300","$86,695,411",2005
Denver,"$56,492,172","$86,062,985",2005
Washington,"$54,555,947","$83,113,242",2005
Phoenix,"$53,626,924","$81,697,921",2005
LA Clippers,"$51,358,645","$78,242,312",2005
Cleveland,"$51,303,962","$78,159,006",2005
Oklahoma City,"$49,253,379","$75,035,044",2005
Atlanta,"$42,944,553","$65,423,864",2005
New Orleans,"$41,277,617","$62,884,371",2005
Charlotte,"$33,458,932","$50,972,998",2005
New York,"$117,350,866","$171,376,790",2006
Dallas,"$88,531,846","$129,290,082",2006
LA Lakers,"$77,099,949","$112,595,178",2006
Portland,"$75,026,386","$109,566,990",2006
Philadelphia,"$69,140,163","$100,970,867",2006
Minnesota,"$66,820,673","$97,583,533",2006
Phoenix,"$65,841,120","$96,153,014",2006
San Antonio,"$65,654,320","$95,880,216",2006
Denver,"$65,517,776","$95,680,807",2006
Golden State,"$65,012,368","$94,942,718",2006
Brooklyn,"$64,486,110","$94,174,184",2006
Miami,"$64,416,312","$94,072,248",2006
Sacramento,"$64,296,611","$93,897,442",2006
Houston,"$63,837,566","$93,227,062",2006
Milwaukee,"$63,498,518","$92,731,925",2006
Indiana,"$63,118,965","$92,177,635",2006
Cleveland,"$62,992,729","$91,993,282",2006
Boston,"$62,981,479","$91,976,850",2006
Washington,"$62,733,705","$91,615,008",2006
Utah,"$62,364,364","$91,075,629",2006
Memphis,"$61,960,489","$90,485,819",2006
Orlando,"$61,447,108","$89,736,088",2006
LA Clippers,"$59,181,038","$86,426,765",2006
Detroit,"$59,010,951","$86,178,374",2006
Oklahoma City,"$56,986,831","$83,222,392",2006
Chicago,"$54,754,904","$79,962,932",2006
New Orleans,"$53,748,991","$78,493,916",2006
Toronto,"$51,015,491","$74,501,967",2006
Atlanta,"$48,581,972","$70,948,106",2006
Charlotte,"$41,964,046","$61,283,422",2006
Dallas,"$101,694,879","$144,626,929",2007
New York,"$96,190,114","$136,798,241",2007
Denver,"$82,958,227","$117,980,313",2007
Cleveland,"$82,217,583","$116,926,993",2007
Miami,"$74,767,603","$106,331,889",2007
Boston,"$74,509,455","$105,964,761",2007
Philadelphia,"$74,038,229","$105,294,598",2007
Portland,"$73,241,335","$104,161,282",2007
LA Lakers,"$72,626,796","$103,287,307",2007
Phoenix,"$71,323,049","$101,433,166",2007
San Antonio,"$70,048,523","$99,620,574",2007
Houston,"$69,894,114","$99,400,981",2007
Minnesota,"$69,043,895","$98,191,828",2007
Indiana,"$66,260,246","$94,233,021",2007
Toronto,"$66,042,375","$93,923,170",2007
Detroit,"$65,898,875","$93,719,090",2007
Washington,"$65,278,996","$92,837,520",2007
Utah,"$64,959,089","$92,382,560",2007
LA Clippers,"$64,847,945","$92,224,494",2007
Sacramento,"$63,403,225","$90,169,860",2007
Chicago,"$63,084,166","$89,716,109",2007
New Orleans,"$62,609,991","$89,041,753",2007
Milwaukee,"$62,571,522","$88,987,044",2007
Golden State,"$62,148,303","$88,385,154",2007
Brooklyn,"$61,836,211","$87,941,308",2007
Oklahoma City,"$60,861,388","$86,554,951",2007
Orlando,"$58,165,973","$82,721,625",2007
Atlanta,"$55,501,133","$78,931,784",2007
Memphis,"$54,118,526","$76,965,485",2007
Charlotte,"$53,745,468","$76,434,937",2007
New York,"$96,643,646","$130,871,164",2008
Dallas,"$95,045,559","$128,707,094",2008
Cleveland,"$91,298,233","$123,632,608",2008
Portland,"$80,260,059","$108,685,129",2008
Boston,"$79,188,973","$107,234,707",2008
LA Lakers,"$78,245,793","$105,957,488",2008
Phoenix,"$76,130,408","$103,092,915",2008
Toronto,"$73,446,970","$99,459,103",2008
Houston,"$73,302,272","$99,263,157",2008
Detroit,"$71,434,174","$96,733,451",2008
Milwaukee,"$71,360,656","$96,633,892",2008
Washington,"$70,743,317","$95,797,917",2008
Miami,"$70,297,059","$95,193,612",2008
Denver,"$70,121,003","$94,955,202",2008
Orlando,"$69,672,979","$94,348,506",2008
Indiana,"$69,668,818","$94,342,872",2008
Sacramento,"$69,204,512","$93,714,124",2008
Oklahoma City,"$68,341,605","$92,545,606",2008
Philadelphia,"$68,301,007","$92,490,635",2008
Atlanta,"$68,168,841","$92,311,660",2008
Chicago,"$68,126,774","$92,254,694",2008
San Antonio,"$68,020,487","$92,110,764",2008
New Orleans,"$67,530,808","$91,447,655",2008
Golden State,"$67,416,431","$91,292,774",2008
Minnesota,"$66,445,144","$89,977,494",2008
Utah,"$65,841,407","$89,159,939",2008
Charlotte,"$62,866,926","$85,132,005",2008
LA Clippers,"$62,764,206","$84,992,906",2008
Brooklyn,"$62,666,523","$84,860,629",2008
Memphis,"$55,958,148","$75,776,400",2008
LA Lakers,"$91,378,064","$125,531,770",2009
Dallas,"$88,916,075","$122,149,580",2009
New York,"$85,710,076","$117,745,296",2009
Boston,"$83,552,174","$114,780,852",2009
Cleveland,"$83,398,534","$114,569,789",2009
Orlando,"$82,200,916","$112,924,547",2009
San Antonio,"$79,338,309","$108,992,004",2009
Denver,"$74,935,538","$102,943,641",2009
Miami,"$74,208,013","$101,944,193",2009
Washington,"$73,440,274","$100,889,502",2009
Utah,"$71,905,244","$98,780,738",2009
New Orleans,"$70,163,827","$96,388,442",2009
Chicago,"$69,700,359","$95,751,745",2009
Houston,"$69,095,315","$94,920,556",2009
Charlotte,"$68,681,758","$94,352,431",2009
Toronto,"$67,822,433","$93,171,922",2009
Sacramento,"$67,515,718","$92,750,564",2009
Milwaukee,"$66,775,602","$91,733,823",2009
Indiana,"$66,733,257","$91,675,652",2009
Atlanta,"$65,883,642","$90,508,483",2009
Golden State,"$65,352,372","$89,778,643",2009
Phoenix,"$65,288,544","$89,690,960",2009
Philadelphia,"$64,883,448","$89,134,455",2009
Minnesota,"$62,253,360","$85,521,336",2009
LA Clippers,"$61,616,409","$84,646,315",2009
Detroit,"$60,185,833","$82,681,047",2009
Brooklyn,"$59,366,715","$81,555,769",2009
Oklahoma City,"$58,578,614","$80,473,103",2009
Memphis,"$57,287,474","$78,699,387",2009
Portland,"$56,946,258","$78,230,639",2009
LA Lakers,"$91,428,140","$124,291,341",2010
Orlando,"$90,770,804","$123,397,731",2010
Dallas,"$85,409,890","$116,109,872",2010
Boston,"$82,045,867","$111,536,674",2010
Utah,"$75,855,296","$103,120,947",2010
Portland,"$74,584,058","$101,392,771",2010
Houston,"$72,315,654","$98,309,005",2010
Atlanta,"$71,469,843","$97,159,173",2010
Memphis,"$70,241,344","$95,489,097",2010
Toronto,"$69,992,648","$95,151,009",2010
San Antonio,"$69,522,311","$94,511,612",2010
Milwaukee,"$69,076,690","$93,905,818",2010
Philadelphia,"$68,915,246","$93,686,344",2010
Golden State,"$68,415,336","$93,006,743",2010
New Orleans,"$68,230,729","$92,755,780",2010
Denver,"$68,019,290","$92,468,344",2010
New York,"$67,016,562","$91,105,191",2010
Charlotte,"$66,542,696","$90,460,995",2010
Miami,"$66,205,855","$90,003,080",2010
Phoenix,"$65,979,054","$89,694,755",2010
Detroit,"$65,517,821","$89,067,738",2010
Indiana,"$65,088,630","$88,484,276",2010
Brooklyn,"$58,495,989","$79,521,957",2010
Washington,"$58,324,988","$79,289,488",2010
Oklahoma City,"$55,922,488","$76,023,428",2010
Chicago,"$54,538,076","$74,141,403",2010
Cleveland,"$53,990,021","$73,396,348",2010
Minnesota,"$53,461,123","$72,677,345",2010
LA Clippers,"$53,225,329","$72,356,793",2010
Sacramento,"$45,268,465","$61,539,890",2010
LA Lakers,"$88,264,478","$115,867,013",2011
Orlando,"$87,955,505","$115,461,413",2011
Portland,"$80,920,717","$106,226,673",2011
Phoenix,"$80,640,576","$105,858,925",2011
Boston,"$79,820,530","$104,782,428",2011
Dallas,"$77,180,233","$101,316,443",2011
New York,"$77,093,212","$101,202,208",2011
Miami,"$75,469,639","$99,070,904",2011
San Antonio,"$73,732,762","$96,790,861",2011
Atlanta,"$73,669,912","$96,708,356",2011
Detroit,"$70,923,605","$93,103,208",2011
Memphis,"$70,628,007","$92,715,170",2011
Chicago,"$69,548,447","$91,298,005",2011
LA Clippers,"$67,333,389","$88,390,241",2011
Philadelphia,"$66,672,368","$87,522,503",2011
New Orleans,"$65,441,008","$85,906,062",2011
Brooklyn,"$65,281,235","$85,696,324",2011
Cleveland,"$64,875,599","$85,163,836",2011
Golden State,"$61,576,901","$80,833,554",2011
Milwaukee,"$60,192,388","$79,016,067",2011
Oklahoma City,"$59,501,709","$78,109,397",2011
Denver,"$58,553,173","$76,864,228",2011
Utah,"$58,178,016","$76,371,750",2011
Charlotte,"$57,902,024","$76,009,450",2011
Houston,"$57,021,755","$74,853,897",2011
Minnesota,"$56,844,339","$74,620,999",2011
Washington,"$55,386,345","$72,707,054",2011
Toronto,"$55,063,049","$72,282,656",2011
Indiana,"$51,554,083","$67,676,347",2011
Sacramento,"$48,950,236","$64,258,210",2011
LA Lakers,"$100,131,988","$129,294,344",2012
Brooklyn,"$87,644,649","$113,170,204",2012
Miami,"$80,427,933","$103,851,696",2012
New York,"$79,977,119","$103,269,586",2012
Boston,"$75,508,399","$97,499,399",2012
Chicago,"$74,491,280","$96,186,057",2012
Golden State,"$70,036,985","$90,434,497",2012
San Antonio,"$69,838,600","$90,178,333",2012
Dallas,"$69,766,571","$90,085,322",2012
LA Clippers,"$69,152,721","$89,292,698",2012
Oklahoma City,"$68,924,100","$88,997,496",2012
Detroit,"$68,807,497","$88,846,933",2012
Atlanta,"$66,710,178","$86,138,791",2012
Philadelphia,"$66,697,839","$86,122,858",2012
Orlando,"$66,557,496","$85,941,642",2012
Indiana,"$66,107,195","$85,360,196",2012
Utah,"$65,657,569","$84,779,621",2012
Minnesota,"$64,329,748","$83,065,086",2012
New Orleans,"$64,134,537","$82,813,025",2012
Toronto,"$63,708,138","$82,262,440",2012
Denver,"$63,444,254","$81,921,705",2012
Memphis,"$63,054,115","$81,417,939",2012
Milwaukee,"$62,410,041","$80,586,287",2012
Washington,"$59,715,539","$77,107,038",2012
Portland,"$59,442,596","$76,754,605",2012
Charlotte,"$58,122,566","$75,050,130",2012
Cleveland,"$54,472,190","$70,336,619",2012
Sacramento,"$54,421,935","$70,271,732",2012
Phoenix,"$54,196,264","$69,980,337",2012
Houston,"$48,048,265","$62,041,797",2012
Brooklyn,"$102,589,967","$130,184,212",2013
New York,"$89,072,787","$113,031,231",2013
Miami,"$80,841,617","$102,586,074",2013
LA Lakers,"$77,423,614","$98,248,706",2013
Dallas,"$75,012,158","$95,188,628",2013
Chicago,"$73,336,893","$93,062,756",2013
LA Clippers,"$73,049,774","$92,698,411",2013
Golden State,"$72,503,122","$92,004,723",2013
Memphis,"$71,992,885","$91,357,243",2013
Oklahoma City,"$71,653,401","$90,926,444",2013
Toronto,"$71,561,643","$90,810,007",2013
Boston,"$70,885,503","$89,952,004",2013
Minnesota,"$68,564,040","$87,006,120",2013
New Orleans,"$67,358,651","$85,476,509",2013
Indiana,"$67,182,414","$85,252,870",2013
Cleveland,"$66,654,061","$84,582,401",2013
Denver,"$65,782,065","$83,475,862",2013
Washington,"$64,698,822","$82,101,251",2013
San Antonio,"$63,115,911","$80,092,576",2013
Detroit,"$62,387,432","$79,168,155",2013
Portland,"$61,260,350","$77,737,913",2013
Charlotte,"$60,395,651","$76,640,630",2013
Sacramento,"$59,174,155","$75,090,582",2013
Atlanta,"$58,998,677","$74,867,903",2013
Houston,"$57,823,063","$73,376,078",2013
Orlando,"$56,948,031","$72,265,682",2013
Utah,"$56,911,999","$72,219,960",2013
Phoenix,"$55,569,468","$70,516,321",2013
Milwaukee,"$54,400,846","$69,033,363",2013
Philadelphia,"$51,741,312","$65,658,478",2013
Brooklyn,"$87,817,289","$109,175,545",2014
LA Clippers,"$85,259,447","$105,995,602",2014
Dallas,"$84,820,225","$105,449,557",2014
Cleveland,"$82,592,827","$102,680,427",2014
New York,"$81,369,219","$101,159,224",2014
Toronto,"$81,317,963","$101,095,502",2014
Oklahoma City,"$80,408,520","$99,964,871",2014
New Orleans,"$80,012,866","$99,472,985",2014
LA Lakers,"$77,546,500","$96,406,770",2014
Houston,"$76,849,302","$95,540,004",2014
Miami,"$75,813,041","$94,251,712",2014
Memphis,"$75,158,730","$93,438,263",2014
Indiana,"$74,793,526","$92,984,242",2014
Golden State,"$73,611,166","$91,514,313",2014
Sacramento,"$73,379,071","$91,225,769",2014
Washington,"$73,372,974","$91,218,191",2014
San Antonio,"$70,770,209","$87,982,400",2014
Portland,"$69,936,842","$86,946,352",2014
Minnesota,"$69,378,954","$86,252,775",2014
Chicago,"$67,414,682","$83,810,770",2014
Detroit,"$67,410,675","$83,805,787",2014
Charlotte,"$66,792,937","$83,037,806",2014
Boston,"$62,218,516","$77,350,827",2014
Utah,"$60,847,538","$75,646,410",2014
Orlando,"$59,629,210","$74,131,770",2014
Atlanta,"$58,320,278","$72,504,493",2014
Phoenix,"$58,018,672","$72,129,532",2014
Denver,"$56,820,307","$70,639,707",2014
Milwaukee,"$54,473,275","$67,721,849",2014
Philadelphia,"$54,355,571","$67,575,510",2014
Cleveland,"$108,300,458","$134,474,038",2015
LA Clippers,"$97,019,321","$120,466,523",2015
Oklahoma City,"$95,708,387","$118,838,769",2015
Golden State,"$93,669,566","$116,307,216",2015
San Antonio,"$87,832,839","$109,059,892",2015
Houston,"$87,504,058","$108,651,651",2015
Chicago,"$87,073,838","$108,117,461",2015
Miami,"$85,764,781","$106,492,035",2015
Washington,"$85,055,155","$105,610,907",2015
New Orleans,"$83,709,371","$103,939,877",2015
Memphis,"$83,223,881","$103,337,057",2015
Brooklyn,"$80,258,302","$99,654,772",2015
Detroit,"$77,256,014","$95,926,904",2015
Boston,"$77,141,919","$95,785,236",2015
Charlotte,"$76,860,006","$95,435,193",2015
Dallas,"$75,397,067","$93,618,697",2015
New York,"$74,237,021","$92,178,295",2015
Milwaukee,"$73,843,541","$91,689,719",2015
LA Lakers,"$72,694,352","$90,262,802",2015
Denver,"$72,589,023","$90,132,013",2015
Minnesota,"$72,287,243","$89,757,304",2015
Atlanta,"$71,661,760","$88,980,657",2015
Indiana,"$71,605,233","$88,910,467",2015
Toronto,"$71,591,189","$88,893,031",2015
Sacramento,"$70,610,560","$87,675,408",2015
Phoenix,"$68,095,365","$84,552,350",2015
Philadelphia,"$64,583,220","$80,191,403",2015
Utah,"$63,608,425","$78,981,025",2015
Orlando,"$63,199,651","$78,473,460",2015
Portland,"$61,685,814","$76,593,768",2015
Cleveland,"$128,522,489","$158,007,391",2016
Portland,"$119,732,234","$147,200,523",2016
LA Clippers,"$114,756,766","$141,083,612",2016
San Antonio,"$112,017,779","$137,716,263",2016
Memphis,"$110,083,520","$135,338,255",2016
Toronto,"$108,599,970","$133,514,359",2016
Detroit,"$106,492,988","$130,924,005",2016
Orlando,"$104,096,951","$127,978,282",2016
Washington,"$104,016,580","$127,879,474",2016
Charlotte,"$103,054,004","$126,696,067",2016
New York,"$102,593,418","$126,129,816",2016
Dallas,"$102,354,966","$125,836,657",2016
New Orleans,"$101,616,451","$124,928,717",2016
Golden State,"$101,584,835","$124,889,848",2016
Miami,"$100,740,770","$123,852,145",2016
Atlanta,"$96,315,163","$118,411,239",2016
Milwaukee,"$96,245,877","$118,326,058",2016
Sacramento,"$95,596,327","$117,527,493",2016
LA Lakers,"$94,781,848","$116,526,161",2016
Boston,"$93,465,326","$114,907,608",2016
Chicago,"$92,522,306","$113,748,249",2016
Oklahoma City,"$91,230,089","$112,159,578",2016
Houston,"$90,956,067","$111,822,691",2016
Indiana,"$90,279,072","$110,990,380",2016
Phoenix,"$89,754,590","$110,345,576",2016
Philadelphia,"$84,775,343","$104,224,013",2016
Denver,"$83,836,460","$103,069,738",2016
Minnesota,"$83,527,580","$102,689,999",2016
Brooklyn,"$82,391,482","$101,293,262",2016
Utah,"$80,138,192","$98,523,038",2016
Cleveland,"$137,722,926","$166,597,194",2017
Golden State,"$137,610,134","$166,460,754",2017
Oklahoma City,"$134,534,640","$162,740,467",2017
Miami,"$133,624,374","$161,639,360",2017
Washington,"$123,306,396","$149,158,166",2017
New Orleans,"$120,814,452","$146,143,773",2017
Milwaukee,"$120,521,249","$145,789,098",2017
Houston,"$119,905,532","$145,044,290",2017
Detroit,"$119,773,191","$144,884,208",2017
LA Clippers,"$119,093,010","$144,061,426",2017
Portland,"$118,708,146","$143,595,874",2017
Charlotte,"$117,382,664","$141,992,499",2017
Toronto,"$116,929,373","$141,444,173",2017
Minnesota,"$116,075,131","$140,410,835",2017
Boston,"$115,284,776","$139,454,775",2017
San Antonio,"$114,633,844","$138,667,375",2017
Memphis,"$110,700,149","$133,908,961",2017
Denver,"$107,543,599","$130,090,627",2017
Utah,"$105,606,838","$127,747,809",2017
New York,"$105,403,130","$127,501,394",2017
LA Lakers,"$103,126,557","$124,747,524",2017
Philadelphia,"$100,797,386","$121,930,035",2017
Atlanta,"$99,992,696","$120,956,634",2017
Sacramento,"$99,587,185","$120,466,111",2017
Orlando,"$98,700,258","$119,393,235",2017
Brooklyn,"$95,475,397","$115,492,262",2017
Indiana,"$95,271,736","$115,245,904",2017
Phoenix,"$92,684,083","$112,115,739",2017
Chicago,"$90,466,801","$109,433,589",2017
Dallas,"$85,440,245","$103,353,192",2017
Miami,"$153,171,497","$180,112,612",2018
Golden State,"$146,291,276","$172,022,240",2018
Oklahoma City,"$144,916,427","$170,405,569",2018
Toronto,"$137,793,831","$162,030,191",2018
Milwaukee,"$130,988,604","$154,028,001",2018
Portland,"$130,256,600","$153,167,248",2018
Detroit,"$126,557,932","$148,818,022",2018
Houston,"$126,474,100","$148,719,446",2018
Boston,"$125,334,993","$147,379,986",2018
Memphis,"$125,188,633","$147,207,879",2018
Washington,"$123,747,588","$145,513,371",2018
New York,"$123,387,454","$145,089,896",2018
Cleveland,"$123,255,073","$144,934,229",2018
Minnesota,"$121,962,221","$143,413,977",2018
San Antonio,"$121,588,790","$142,974,866",2018
Charlotte,"$121,427,859","$142,785,633",2018
Brooklyn,"$118,850,600","$139,755,056",2018
Denver,"$118,327,016","$139,139,384",2018
LA Clippers,"$118,026,816","$138,786,382",2018
New Orleans,"$116,052,756","$136,465,107",2018
Philadelphia,"$115,127,167","$135,376,714",2018
Orlando,"$114,394,213","$134,514,847",2018
Utah,"$113,826,156","$133,846,874",2018
Chicago,"$112,598,201","$132,402,931",2018
Indiana,"$110,724,804","$130,200,029",2018
Phoenix,"$108,692,835","$127,810,656",2018
LA Lakers,"$107,225,482","$126,085,215",2018
Sacramento,"$101,466,920","$119,313,786",2018
Dallas,"$86,958,881","$102,253,953",2018
Atlanta,"$79,180,081","$93,106,946",2018
Oklahoma City,"$132,017,938","$152,720,804",2019
Portland,"$131,979,953","$152,676,863",2019
LA Clippers,"$131,506,341","$152,128,979",2019
Cleveland,"$131,059,022","$151,611,509",2019
Philadelphia,"$129,912,339","$150,285,008",2019
Miami,"$129,867,871","$150,233,567",2019
Golden State,"$129,254,928","$149,524,506",2019
Denver,"$128,746,180","$148,935,975",2019
Houston,"$128,109,922","$148,199,940",2019
Orlando,"$126,095,610","$145,869,745",2019
LA Lakers,"$123,971,686","$143,412,750",2019
Milwaukee,"$122,612,183","$141,840,052",2019
Toronto,"$122,463,495","$141,668,046",2019
Washington,"$121,296,256","$140,317,762",2019
Dallas,"$120,871,082","$139,825,913",2019
San Antonio,"$119,217,331","$137,912,823",2019
Utah,"$118,910,311","$137,557,656",2019
Brooklyn,"$118,889,943","$137,534,093",2019
New Orleans,"$117,868,297","$136,352,236",2019
Boston,"$117,759,332","$136,226,186",2019
Minnesota,"$114,202,982","$132,112,131",2019
Sacramento,"$113,796,966","$131,642,442",2019
Indiana,"$112,872,260","$130,572,726",2019
Chicago,"$112,601,901","$130,259,969",2019
Atlanta,"$110,702,618","$128,062,845",2019
Detroit,"$104,527,576","$120,919,438",2019
New York,"$100,232,129","$115,950,387",2019
Phoenix,"$98,539,675","$113,992,525",2019
Memphis,"$98,495,848","$113,941,826",2019
Charlotte,"$96,552,033","$111,693,183",2019
Golden State,"$171,105,334","$196,667,884",2020
Brooklyn,"$170,444,633","$195,908,476",2020
Philadelphia,"$147,825,311","$169,909,902",2020
LA Clippers,"$139,722,606","$160,596,683",2020
LA Lakers,"$139,334,713","$160,150,838",2020
Utah,"$136,881,324","$157,330,923",2020
Milwaukee,"$136,623,929","$157,035,070",2020
Miami,"$134,731,235","$154,859,617",2020
New Orleans,"$133,901,495","$153,905,916",2020
Boston,"$132,931,565","$152,791,083",2020
Memphis,"$132,022,601","$151,746,320",2020
Portland,"$131,904,647","$151,610,748",2020
Houston,"$131,784,255","$151,472,362",2020
Washington,"$131,294,012","$150,908,882",2020
Minnesota,"$130,334,934","$149,806,526",2020
Indiana,"$130,237,102","$149,694,076",2020
Denver,"$129,793,210","$149,183,867",2020
Cleveland,"$129,605,319","$148,967,902",2020
San Antonio,"$129,537,825","$148,890,327",2020
Toronto,"$129,131,910","$148,423,773",2020
Chicago,"$128,963,580","$148,230,296",2020
Phoenix,"$128,858,241","$148,109,217",2020
Dallas,"$127,657,823","$146,729,462",2020
Orlando,"$121,739,163","$139,926,571",2020
Atlanta,"$118,804,016","$136,552,926",2020
Detroit,"$117,041,599","$134,527,206",2020
Charlotte,"$108,218,809","$124,386,327",2020
Sacramento,"$106,847,430","$122,810,063",2020
New York,"$102,137,151","$117,396,083",2020
Oklahoma City,"$95,774,839","$110,083,267",2020
Golden State,"$178,980,766","$195,195,980",2021
Brooklyn,"$174,811,922","$190,649,447",2021
LA Clippers,"$168,378,382","$183,633,046",2021
LA Lakers,"$164,409,293","$179,304,361",2021
Milwaukee,"$160,875,421","$175,450,332",2021
Utah,"$149,760,719","$163,328,668",2021
Philadelphia,"$148,922,969","$162,415,018",2021
Miami,"$140,840,240","$153,600,014",2021
Indiana,"$138,181,486","$150,700,383",2021
Denver,"$137,963,926","$150,463,115",2021
Minnesota,"$137,432,702","$149,883,767",2021
Boston,"$136,557,646","$148,929,426",2021
Phoenix,"$136,476,474","$148,840,901",2021
Cleveland,"$136,385,911","$148,742,131",2021
Chicago,"$136,083,814","$148,412,668",2021
New Orleans,"$135,793,968","$148,096,563",2021
Atlanta,"$135,166,020","$147,411,722",2021
Toronto,"$134,896,484","$147,117,769",2021
Houston,"$132,267,085","$144,250,150",2021
Detroit,"$131,120,355","$142,999,530",2021
Sacramento,"$130,457,848","$142,277,004",2021
Washington,"$128,019,790","$139,618,062",2021
San Antonio,"$127,655,401","$139,220,659",2021
Orlando,"$126,786,646","$138,273,195",2021
Dallas,"$126,696,965","$138,175,392",2021
Portland,"$124,788,473","$136,093,994",2021
Charlotte,"$122,139,566","$133,205,107",2021
New York,"$120,644,081","$131,574,134",2021
Memphis,"$117,284,457","$127,910,133",2021
Oklahoma City,"$82,022,873","$89,453,934",2021
LA Clippers,"$192,905,421","$192,905,421",2022
Golden State,"$192,386,134","$192,386,134",2022
Milwaukee,"$182,930,771","$182,930,771",2022
Boston,"$178,633,307","$178,633,307",2022
Dallas,"$177,244,238","$177,244,238",2022
Phoenix,"$176,042,453","$176,042,453",2022
LA Lakers,"$169,391,473","$169,391,473",2022
Denver,"$162,338,665","$162,338,665",2022
Brooklyn,"$159,566,723","$159,566,723",2022
Washington,"$152,008,934","$152,008,934",2022
Cleveland,"$151,966,241","$151,966,241",2022
Chicago,"$151,964,990","$151,964,990",2022
Miami,"$151,408,266","$151,408,266",2022
Toronto,"$150,992,313","$150,992,313",2022
Philadelphia,"$150,496,913","$150,496,913",2022
Atlanta,"$149,836,313","$149,836,313",2022
New York,"$148,987,936","$148,987,936",2022
Oklahoma City,"$148,856,338","$148,856,338",2022
Utah,"$148,738,241","$148,738,241",2022
New Orleans,"$148,360,910","$148,360,910",2022
Minnesota,"$145,793,656","$145,793,656",2022
Portland,"$144,997,250","$144,997,250",2022
Sacramento,"$139,423,615","$139,423,615",2022
Houston,"$137,579,793","$137,579,793",2022
Detroit,"$129,153,570","$129,153,570",2022
Memphis,"$127,139,520","$127,139,520",2022
Orlando,"$126,107,324","$126,107,324",2022
Charlotte,"$125,874,047","$125,874,047",2022
Indiana,"$125,706,114","$125,706,114",2022
San Antonio,"$104,545,376","$104,545,376",2022
